{
    "loss": 0.5258501172065735,
    "accuracy": 0.9482758641242981
}